{"D": [-0.3075713813304901, 0.4765254557132721, 0.4378829002380371, -0.8667734861373901, -0.13451586663722992, 0.392411470413208, 0.05627697706222534, -0.6153050065040588], "H": [0.10520925372838974, 0.6896066665649414, 0.4362030029296875, -0.6915454864501953, -0.18638519942760468, 0.49124065041542053, 0.3969135582447052, -0.17542186379432678], "T": [-0.5634928941726685, 0.22799986600875854, 0.4186052680015564, -1.2160104513168335, -0.5696464776992798, 0.4100557267665863, 0.47896888852119446, -0.48967090249061584], "He": [-0.544518768787384, -0.522323727607727, 0.9847540855407715, -0.7623854875564575, -0.695667028427124, -0.5513467788696289, 0.18581219017505646, -0.7040473818778992], "Li": [-0.034356068819761276, -0.2856241762638092, 0.15281987190246582, -0.8404380083084106, 0.5625693202018738, -0.3036998212337494, 0.03193031996488571, -0.3114360570907593], "Be": [0.09021122008562088, 0.5202381014823914, 0.3693910539150238, -0.4441816508769989, 0.2573694884777069, -0.11652782559394836, 0.7532694339752197, 0.5534170866012573], "B": [-0.013842298649251461, 0.21741563081741333, 0.30506816506385803, -0.2639128267765045, -0.7561020851135254, -0.021972183138132095, 0.24119706451892853, -0.041155844926834106], "C": [-1.5736746788024902, 1.1169849634170532, 0.8794184923171997, -0.9372409582138062, -1.0864160060882568, 1.2239181995391846, 0.8643304109573364, -1.0751187801361084], "N": [-1.051423192024231, 1.3909327983856201, -0.21539220213890076, -0.19225271046161652, -0.7190731167793274, 1.7069073915481567, -0.17904281616210938, -0.5154505372047424], "O": [-0.13502857089042664, -0.5282406806945801, -1.305007815361023, 0.13674409687519073, 0.21538282930850983, -0.05632857233285904, -1.0434743165969849, -0.27022165060043335], "F": [-0.07551847398281097, -0.4967467486858368, -1.105605959892273, 0.1068689227104187, -0.673105776309967, -0.36967989802360535, -1.0629956722259521, -0.09871697425842285], "Ne": [0.46745795011520386, 0.09136457741260529, -0.08170223236083984, 0.5343983769416809, -1.1950311660766602, 0.18792007863521576, -0.11942063271999359, 0.6442458629608154], "Na": [-0.1972968727350235, -0.349575012922287, 0.14432001113891602, -0.8117900490760803, 0.5063091516494751, -0.2720363736152649, 0.017380423843860626, 0.1162063479423523], "Mg": [0.10873598605394363, 0.03797995671629906, 0.3693186044692993, -0.491135835647583, 0.6281871199607849, -0.04396621510386467, 0.43221762776374817, -0.4402170181274414], "Al": [0.17450647056102753, 0.3445906341075897, 0.24252349138259888, 0.30213677883148193, -0.1954025775194168, 0.2533230781555176, 0.2533068358898163, -0.04413730651140213], "Si": [-0.06061897799372673, 0.551707923412323, 0.04968205839395523, 0.18693433701992035, -0.15244488418102264, 0.15540765225887299, 0.10655640810728073, 0.5011026859283447], "P": [-0.2163376361131668, 0.7250886559486389, -0.20180700719356537, 0.23869775235652924, 0.1857365220785141, 0.3664364516735077, -0.1797645390033722, 0.15719467401504517], "S": [-0.4105547368526459, -0.00261625275015831, -0.6784937381744385, 0.22901469469070435, -0.3815004527568817, 0.0437389612197876, -0.5191332101821899, -0.3377007842063904], "Cl": [-0.24215596914291382, 0.3323594033718109, -0.6806625723838806, 0.120449960231781, 0.05529559403657913, 0.08245355635881424, -1.0063810348510742, -0.1773737221956253], "Ar": [-0.035170771181583405, -0.36357733607292175, 0.0521811917424202, -0.8257908225059509, -0.1087428405880928, -0.21103118360042572, 0.3102128803730011, -0.7620232105255127], "K": [-0.19593839347362518, -0.47381386160850525, 0.05272001400589943, -0.18773868680000305, 0.006733723916113377, -0.32931575179100037, 0.23513124883174896, -0.014839163050055504], "Ca": [0.03724087402224541, -0.363155722618103, -0.2007131576538086, -0.06008782237768173, 0.2804216146469116, -0.2087327390909195, -0.2400793582201004, -0.23680490255355835], "Sc": [0.3701162040233612, 0.1816340684890747, -0.06142221763730049, 0.5084857940673828, -0.0021243433002382517, -0.3523084819316864, -0.19069282710552216, 0.38024941086769104], "Ti": [0.326358824968338, -0.025235909968614578, 0.4122612774372101, 0.28352218866348267, -0.18682602047920227, -0.12778054177761078, 0.3335892856121063, 0.6132079362869263], "V": [0.5276088714599609, 0.4465360641479492, 1.190487265586853, -0.017200155183672905, -0.6348245143890381, -0.35828229784965515, 0.8259099125862122, 0.3517799377441406], "Cr": [0.5391587615013123, 0.07910802960395813, 1.2666178941726685, -0.7532468438148499, -0.6154450178146362, 0.3783579170703888, 1.76884126663208, 0.04815002903342247], "Mn": [0.1498018205165863, 0.34259387850761414, 1.1355974674224854, -0.48115065693855286, -0.3244457244873047, 0.20057937502861023, 1.4470824003219604, -0.26480385661125183], "Fe": [0.0932401716709137, 0.15414273738861084, 1.1544036865234375, -0.6345130801200867, -0.6777284741401672, 0.9835342168807983, 1.1604377031326294, -0.053144246339797974], "Co": [-0.2542724311351776, 0.846720278263092, 1.0006306171417236, -0.3777458965778351, -0.4690009653568268, 0.6344313025474548, 1.086707592010498, -0.3640279173851013], "Ni": [-0.5371934175491333, 0.5042827129364014, 0.724028468132019, -0.5906287431716919, -0.6339366436004639, 0.45350733399391174, 0.6339174509048462, -0.7570587396621704], "Cu": [-0.8773506879806519, -0.0856618583202362, 0.5794907808303833, -1.1702905893325806, 0.03001224622130394, -0.09876534342765808, 0.8608302474021912, -1.1878738403320312], "Zn": [-0.0864078551530838, -0.1792324185371399, 0.5310943722724915, -0.7804486751556396, 0.05267256870865822, 0.37300610542297363, 0.44371384382247925, -0.15279459953308105], "Ga": [-0.08767476677894592, 0.1295333355665207, 0.37774917483329773, -0.0935060903429985, -0.4588444232940674, -0.036733731627464294, -0.02991914376616478, 0.05554105341434479], "Ge": [-0.3070937693119049, 0.2660358250141144, 0.31330031156539917, -0.06881890445947647, 0.18349185585975647, 0.17115706205368042, -0.03947322815656662, 0.3460405468940735], "As": [-0.4582672715187073, 0.43352317810058594, -0.02069009840488434, 0.01694326475262642, 0.3444086015224457, 0.17762920260429382, -0.1223435252904892, -0.11111462861299515], "Se": [-0.6089603304862976, -0.05932921916246414, -0.35102424025535583, -0.13199450075626373, 0.034693215042352676, 0.14080671966075897, -0.28647884726524353, -0.28992635011672974], "Br": [-0.27297744154930115, 0.48499011993408203, -0.27119365334510803, -0.1678084284067154, 0.005224332213401794, 0.007593920920044184, -0.47932684421539307, -0.2812446653842926], "Kr": [-0.5353876352310181, -0.29588985443115234, 0.2971407473087311, 0.6223390102386475, -0.23325900733470917, 0.4133090674877167, 0.21764570474624634, -0.7841276526451111], "Rb": [-0.38238805532455444, -0.5739651322364807, 0.27303585410118103, -0.8376877307891846, 0.18347008526325226, -0.8039823770523071, -0.28613731265068054, -0.06704282760620117], "Sr": [-0.1145901009440422, -0.5045420527458191, -0.17442958056926727, -0.11906266957521439, 0.37548357248306274, -0.6436912417411804, -0.3959079384803772, 0.2558715045452118], "Y": [0.32467564940452576, -0.18934230506420135, -0.24538834393024445, 0.6003501415252686, 0.06767801940441132, -0.19470304250717163, -0.3037594258785248, 0.07488595694303513], "Zr": [0.4355373680591583, -0.09292804449796677, 0.08513914048671722, 0.7096251249313354, -0.22447390854358673, -0.07641065865755081, 0.1441941261291504, 0.10954143106937408], "Nb": [0.17421454191207886, -0.4434713125228882, 0.845378577709198, 0.14940959215164185, -0.01090895663946867, -0.014852489344775677, 0.5883225202560425, 0.0864245668053627], "Mo": [0.3213229179382324, 0.5676613450050354, 1.1628327369689941, 0.2873459458351135, -1.110546588897705, 0.3044928014278412, 0.8980761170387268, -0.1013176217675209], "Tc": [-0.336177796125412, 1.0096986293792725, 0.7695269584655762, 0.44508495926856995, -0.42943093180656433, 0.2555609941482544, 0.768027663230896, 0.0036286949180066586],