{"D": [0.15563201904296875, 0.8754661679267883, -0.07343187928199768, -1.1621049642562866], "H": [0.04466637969017029, 0.7145188450813293, 0.7326263785362244, -0.29291287064552307], "T": [0.5858496427536011, 0.23755255341529846, 0.2292778193950653, -0.3086852431297302], "He": [-0.3122461140155792, 1.5446666479110718, 0.5964595079421997, -1.090946078300476], "Li": [-0.5711474418640137, 0.9388011693954468, -0.10590031743049622, 0.5849836468696594], "Be": [-0.4260002672672272, 1.5056012868881226, 0.418796181678772, -1.0537750720977783], "B": [0.5184711217880249, 0.43428075313568115, 0.5277867317199707, -0.5213545560836792], "C": [1.2216631174087524, 0.21040251851081848, 0.7238096594810486, -1.0297460556030273], "N": [0.9029394388198853, -0.2521480321884155, 0.11070705950260162, -0.6959269046783447], "O": [0.11170171201229095, -0.3965679407119751, -0.24338804185390472, -0.4126729667186737], "F": [0.02948727272450924, -0.29094743728637695, -0.6195482611656189, -0.07018926739692688], "Ne": [-0.39906105399131775, 0.45198023319244385, 0.559771716594696, -1.1885826587677002], "Na": [0.6141966581344604, -0.38641810417175293, 0.28176161646842957, -0.15060041844844818], "Mg": [-0.6839272379875183, 0.6870126128196716, -0.06774289906024933, -0.4179101288318634], "Al": [-0.38383299112319946, 0.5594489574432373, -0.3032197952270508, -0.264917254447937], "Si": [-0.04461463540792465, 0.6638187170028687, -0.6778421998023987, -0.5133826732635498], "P": [0.2787076234817505, 0.33123788237571716, -0.46290791034698486, -0.2243817001581192], "S": [0.2763690948486328, -0.03845616430044174, -0.35766729712486267, -0.22820515930652618], "Cl": [0.2710922956466675, -0.09542414546012878, -0.552599310874939, -0.18354317545890808], "Ar": [-0.10348385572433472, 0.43793559074401855, 0.39118221402168274, -0.03046821430325508], "K": [-0.1919848918914795, 0.055988021194934845, 0.2588370740413666, -0.014373434707522392], "Ca": [0.2805892527103424, -0.3897445797920227, -0.13999001681804657, 0.016249997541308403], "Sc": [0.42590710520744324, -1.0617244243621826, 0.009592526592314243, 0.011130502447485924], "Ti": [-0.7852632403373718, 0.3929330110549927, 0.23844754695892334, 0.2686753273010254], "V": [-0.8568896651268005, 0.9762118458747864, 1.003348708152771, 0.1340702474117279], "Cr": [-0.6458722949028015, 1.8165316581726074, 0.3282897174358368, -0.061926282942295074], "Mn": [-0.5272660851478577, 1.4357285499572754, 0.9545385241508484, -0.13304392993450165], "Fe": [-0.24362681806087494, 1.5571407079696655, 0.45000627636909485, -0.36645492911338806], "Co": [-0.08098243176937103, 1.478894829750061, -0.1568540632724762, 0.04667377471923828], "Ni": [0.09353213757276535, 1.1308294534683228, 0.20989066362380981, 0.10061099380254745], "Cu": [-0.03193698450922966, 1.0651193857192993, 1.2883702516555786, -0.42813098430633545], "Zn": [-0.28675711154937744, 0.7496110796928406, 0.6591386795043945, -0.308988094329834], "Ga": [-0.11784320324659348, 0.4902527630329132, 0.31714800000190735, -0.19125394523143768], "Ge": [0.07680843770503998, 0.49352148175239563, 0.1361566185951233, -0.45515045523643494], "As": [0.29839205741882324, 0.2502579689025879, 0.007278089877218008, -0.2233247607946396], "Se": [0.4401598572731018, 0.0407751202583313, 0.020020319148898125, -0.134264275431633], "Br": [0.4158414304256439, 0.0998971164226532, -0.06786496192216873, 0.09056668728590012], "Kr": [0.3435609042644501, 0.37120723724365234, -1.0790576934814453, 0.2728656232357025], "Rb": [-0.14740601181983948, 0.14901399612426758, -0.212815523147583, -0.07499255239963531], "Sr": [0.11940190941095352, -0.39808711409568787, -0.13019001483917236, -0.121261365711689], "Y": [0.261029452085495, -0.7910111546516418, -0.9335933923721313, 0.18370161950588226], "Zr": [-0.7850320339202881, 0.12916727364063263, 0.05226810276508331, 0.1684727817773819], "Nb": [-0.7267341613769531, 0.4365706443786621, 0.7594461441040039, -0.1948925405740738], "Mo": [-0.4395105540752411, 0.9644702672958374, 0.6655405759811401, 0.24848027527332306], "Tc": [-0.20659363269805908, 0.6579731702804565, 0.38758584856987, -0.17977601289749146], "Ru": [0.028364278376102448, 0.7086888551712036, -0.0015798996901139617, 0.38081270456314087], "Rh": [0.09400203078985214, 0.3611260950565338, -0.03888404369354248, 0.38387951254844666], "Pd": [0.17738640308380127, 0.22918005287647247, 0.5473806262016296, 0.24387332797050476], "Ag": [0.0051697599701583385, 0.7264310717582703, 1.1639008522033691, 0.17049136757850647], "Cd": [-0.17874130606651306, 0.6085887551307678, 0.6275543570518494, -0.08573778718709946], "In": [-0.17470186948776245, 0.4277799725532532, 0.2910040318965912, -0.34368690848350525], "Sn": [-0.054825928062200546, 0.3212086260318756, -0.11023702472448349, -0.5297237038612366], "Sb": [0.1590333729982376, 0.22949843108654022, 0.11323198676109314, -0.38366517424583435], "Te": [0.30507558584213257, 0.10485127568244934, 0.24739892780780792, -0.2131224423646927], "I": [0.27132973074913025, 0.07143324613571167, 0.45084527134895325, -0.21321812272071838], "Xe": [0.20601415634155273, 0.3680649995803833, -0.5468134880065918, 0.19464200735092163], "Cs": [-0.1027541235089302, 0.11779581010341644, -0.24556145071983337, -0.05763668566942215], "Ba": [0.08255881071090698, -0.5096786618232727, -0.21215124428272247, -0.21803151071071625], "La": [0.1555553376674652, -0.5175758600234985, -1.1093246936798096, 0.336516797542572], "Ce": [0.0851566419005394, -0.8151892423629761, -0.12006521970033646, 0.3246842324733734], "Pr": [0.2612828016281128, -0.5477803945541382, -0.7919617891311646, 0.47689878940582275], "Nd": [0.2697199881076813, -0.6034311056137085, -0.8872878551483154, 0.4693034887313843], "Pm": [0.17485298216342926, 0.6041611433029175, 0.07210121303796768, -1.4342410564422607], "Sm": [0.24128375947475433, -0.6828406453132629, -0.8802533149719238, 0.28273141384124756], "Eu": [0.3234749734401703, -0.29690295457839966, -0.10361043363809586, 0.4918935298919678], "Gd": [0.11539401859045029, -0.6848900318145752, -0.6537405848503113, -0.06586813926696777], "Tb": [0.25848090648651123, -0.814992368221283, -0.9359160661697388, 0.20217877626419067], "Dy": [0.25835585594177246, -0.8337658047676086, -0.8438084125518799, 0.14765943586826324], "Ho": [0.2667309641838074, -0.8795933723449707, -0.8188160061836243, 0.12560677528381348], "Er": [0.2701069712638855, -0.9141483306884766, -0.761039674282074, 0.0568058043718338], "Tm": [0.2970258593559265, -0.9579299092292786, -0.6605021357536316, 0.06269191205501556], "Yb": [0.26245856285095215, -0.44772401452064514, -0.5548022985458374, -0.22420494258403778], "Lu": [0.3305473029613495, -1.0069963932037354, -0.6081633567810059, -0.016061866655945778], "Hf": [-0.7912169098854065, 0.25874269008636475, -0.49682319164276123, 0.13145412504673004], "Ta": [-0.6380653381347656, 0.5559234619140625, 0.244836688041687, 0.35138148069381714], "W": [-0.4092727303504944, 1.299291729927063, -0.32887762784957886, 0.01254358235746622], "Re": [-0.09346997737884521, 1.0845668315887451, -0.4700346887111664, 0.08194661140441895], "Os": [0.021532369777560234, 0.7513637542724609, 0.39173388481140137, -0.40666112303733826], "Ir": [0.17016448080539703, 0.5178970098495483, -0.6640335321426392, 0.24923084676265717], "Pt": [0.15360110998153687, 0.19042974710464478, -0.14047764241695404, 0.03504054248332977], "Au": [0.2420172393321991, 0.2836337983608246, 0.7443270683288574, -0.008448020555078983], "Hg": [-0.006545278709381819, 0.5258414149284363, 1.1458741426467896, -0.6050330400466919], "Tl": [-0.05065774917602539, 0.6337196826934814, 0.7247746586799622, -0.28030291199684143], "Pb": [0.04973193258047104, 0.4909916818141937, 0.43186551332473755, -0.28017866611480713], "Bi": [0.12144915014505386, 0.31408244371414185, 0.25512582063674927, -0.2724076211452484], "Ac": [-0.3279179036617279, 0.2183423638343811, -0.37694233655929565, 0.5012046694755554], "Th": [0.0833352655172348, -1.077745795249939, -1.0878489017486572, 0.4018740952014923],