{"D-": [1.2940326929092407, -0.4793909788131714], "H-": [1.325112223625183, -0.47847646474838257], "H+": [0.12239988893270493, 0.010802023112773895], "D+": [0.1383322924375534, 0.018312174826860428], "H3+": [1.1946465969085693, -1.436992883682251], "Li+": [-0.19385026395320892, 0.3197445273399353], "Be2+": [-0.6516048908233643, 0.10715959966182709], "B3-": [0.5460852384567261, -1.5664987564086914], "B2-": [0.15316763520240784, -1.2752116918563843], "B-": [1.3982442617416382, 0.02664647251367569], "B+": [0.49754831194877625, 0.27806004881858826], "B2+": [-0.2763326168060303, 0.18244735896587372], "B3+": [-0.8626300692558289, -0.03201863169670105], "C4-": [2.8596787452697754, -2.102170705795288], "C3-": [2.5857789516448975, -1.9281322956085205], "C2-": [2.1760621070861816, -1.3565691709518433], "C-": [2.176184892654419, -0.4806239902973175], "C+": [0.7616041898727417, -0.30067354440689087], "C2+": [0.6080403327941895, 0.1842014640569687], "C3+": [0.03210001811385155, 0.27769970893859863], "C4+": [-0.1519506573677063, 0.04703139513731003], "N4-": [1.1664507389068604, -0.9268882274627686], "N3-": [1.4116146564483643, -1.714714527130127], "N2-": [1.8263825178146362, -1.1360414028167725], "N-": [1.0556949377059937, -1.2842020988464355], "N+": [1.647689700126648, -0.21191172301769257], "N2+": [1.5100795030593872, -0.19562046229839325], "N3+": [0.7625830769538879, 0.031293079257011414], "N4+": [0.4033379554748535, 0.24308770895004272], "N5+": [0.44228383898735046, 0.2448761761188507], "O2-": [0.18198652565479279, -0.5758799314498901], "O-": [0.12183289974927902, -0.5254506468772888], "O2+": [0.1846190094947815, -1.0271434783935547], "F-": [-0.6440508961677551, -0.521534264087677], "Na+": [-0.28696510195732117, 0.20404039323329926], "Mg2+": [-0.6969709396362305, 0.5459867119789124], "Al3-": [1.03341805934906, -0.9270315170288086], "Al+": [0.8051947951316833, -0.7337347865104675], "Al3+": [-1.0973076820373535, 0.491639107465744], "Si4-": [1.5093843936920166, -1.1496541500091553], "Si3-": [1.123958706855774, -0.8365015387535095], "Si2-": [1.1533386707305908, -1.0947351455688477], "Si-": [1.3317550420761108, -0.7191324830055237], "Si2+": [-0.8740041255950928, -0.1680038869380951], "Si3+": [-0.9761481881141663, 0.2520882785320282], "Si4+": [-1.186779499053955, 0.37983033061027527], "P3-": [0.6697940230369568, -1.562548041343689], "P2-": [0.5217863917350769, -1.2514744997024536], "P-": [0.532706081867218, -0.9086533188819885], "P+": [-0.46011844277381897, -0.32119521498680115], "P2+": [-0.3373992443084717, -0.18378424644470215], "P3+": [-0.6021649241447449, 0.14661169052124023], "P4+": [-0.670400857925415, 0.43005725741386414], "P5+": [-0.9927850365638733, 0.45602330565452576], "P6+": [-1.1679847240447998, 0.5976899266242981], "S2-": [0.0431036613881588, -0.9363494515419006], "S-": [0.002841613721102476, -0.6201338768005371], "S+": [0.38823339343070984, 0.14356887340545654], "S2+": [0.3116247057914734, 0.4346633851528168], "S3+": [-0.20459677278995514, 0.12575237452983856], "S4+": [-0.3446798026561737, 0.19340427219867706], "S5+": [-0.18931837379932404, 0.8978657126426697], "S6+": [-0.3429582417011261, 0.9958062171936035], "Cl4-": [0.20833852887153625, -1.0154484510421753], "Cl-": [-0.2345397174358368, -0.5634910464286804], "Cl+": [-0.13195690512657166, -0.6233333945274353], "Cl2+": [0.17096763849258423, 0.3470947742462158], "Cl3+": [0.3408108055591583, -0.050697434693574905], "Cl4+": [-0.02680797688663006, 0.02190115675330162], "Cl5+": [0.1807461678981781, 0.0979621633887291], "Cl7+": [-0.08728168904781342, -0.13108789920806885], "K+": [-0.4419775903224945, 0.20254182815551758], "Ca2+": [-0.7202317118644714, 1.0518501996994019], "Sc+": [0.04892906919121742, 0.4132467806339264], "Sc2+": [-1.354144811630249, 0.5753928422927856], "Sc3+": [-1.1927921772003174, 1.2189737558364868], "Sc6+": [-1.065736174583435, 1.4654576778411865], "Ti+": [-0.39572620391845703, 0.6917587518692017], "Ti2+": [-0.2811156213283539, 0.8564692139625549], "Ti3+": [-0.7607646584510803, 1.0393081903457642], "Ti4+": [-1.3916982412338257, 0.8990940451622009], "V+": [0.14572356641292572, 0.18124686181545258], "V2+": [-0.3843845725059509, 0.27076610922813416], "V3+": [-0.638420045375824, 0.5765201449394226], "V4+": [-0.7569402456283569, 0.6731330156326294], "V5+": [-0.7658190727233887, 0.9618566036224365], "Cr+": [0.7546888589859009, 0.1752086728811264], "Cr2+": [-0.5869656801223755, 0.05244188755750656], "Cr3+": [-0.6441681981086731, 0.35232633352279663], "Cr4+": [-0.37346333265304565, 0.7626170516014099], "Cr5+": [-0.11540587991476059, 0.9689897894859314], "Cr6+": [-0.5630664825439453, 0.6386943459510803], "Mn-": [2.3562874794006348, -1.4438247680664062], "Mn+": [1.5471798181533813, 0.3813638389110565], "Mn2+": [-0.6058998703956604, 0.11070071160793304], "Mn3+": [-0.5318964719772339, 0.2518255412578583], "Mn4+": [-0.4079996347427368, 0.5113222599029541], "Mn5+": [0.030736291781067848, 0.7341049909591675], "Mn6+": [-0.587495744228363, 0.0011587402550503612], "Mn7+": [-0.4345507323741913, 0.3883545398712158], "Fe+": [-0.13997338712215424, -0.0741601288318634], "Fe2+": [-0.5656563639640808, -0.062436748296022415], "Fe3+": [-0.5356804132461548, 0.12332184612751007], "Fe4+": [-0.9419150948524475, -0.27053073048591614], "Fe5+": [-0.5352599620819092, 0.07362817227840424], "Fe6+": [-0.07339071482419968, 0.13016504049301147], "Co-": [1.0816256999969482, -0.9539572596549988], "Co+": [0.29777565598487854, -0.32308465242385864], "Co2+": [-0.28148335218429565, -0.06193678453564644], "Co3+": [-0.054436422884464264, 0.26383543014526367], "Co4+": [-0.0012498669093474746, 0.33005160093307495], "Co5+": [0.03232147917151451, 0.04681750759482384], "Ni+": [0.6875755190849304, -0.2056932896375656], "Ni2+": [0.009050085209310055, 0.023833299055695534], "Ni3+": [0.26621299982070923, 0.29686081409454346], "Ni4+": [0.9024794697761536, 0.6569934487342834], "Cu+": [0.0926208570599556, -0.16017644107341766], "Cu2+": [0.12192574143409729, 0.018585205078125], "Cu3+": [0.10872354358434677, 0.1424587368965149], "Cu4+": [0.2192641645669937, 0.23710592091083527], "Zn2+": [-0.15549349784851074, 0.3130761384963989], "Zn3+": [0.7949123978614807, 0.3111831545829773], "Zn4+": [-0.31656983494758606, -0.09914307296276093], "Ga3-": [1.1926594972610474, -0.7680002450942993], "Ga+": [-0.13475936651229858, -0.09485555440187454], "Ga2+": [-0.28563252091407776, 0.1849285066127777], "Ga3+": [-0.5049632787704468, 0.4613991677761078], "Ge4-": [1.1931147575378418, -1.0888646841049194], "Ge2-": [1.1137171983718872, -1.1746991872787476], "Ge-": [0.6613129377365112, -0.1884484589099884], "Ge2+": [-0.3321777284145355, 0.035214804112911224], "Ge3+": [-0.4864691495895386, 0.24735917150974274], "Ge4+": [-0.6011369824409485, 0.44963520765304565], "As3-": [0.49497851729393005, -1.6643269062042236], "As2-": [0.5829840302467346, -1.3771616220474243], "As-": [0.3450486958026886, -1.0760570764541626], "As+": [0.01635826751589775, -0.13418269157409668], "As2+": [-0.17620524764060974, -0.006411128211766481], "As3+": [-0.40676239132881165, 0.14617088437080383], "As4+": [-0.17744538187980652, 0.6087442636489868], "As5+": [-0.5431137084960938, 0.46458765864372253], "Se2-": [0.062058914452791214, -1.2027082443237305], "Se-": [0.010101878084242344, -0.9994162917137146], "Se+": [0.4130161702632904, -0.10368560254573822], "Se2+": [0.1261824369430542, 0.003439235733821988], "Se3+": [-0.6551849246025085, -0.24054524302482605], "Se4+": [-0.30782848596572876, 0.17110082507133484], "Se5+": [-0.35674530267715454, 0.3022460639476776], "Se6+": [-0.1688748151063919, 0.5704995393753052], "Br-": [0.05725960433483124, -0.54128497838974], "Br+": [0.4420352578163147, -0.1581103503704071], "Br3+": [0.33448344469070435, -0.028838569298386574], "Br5+": [0.21116818487644196, 0.06038394942879677], "Br7+": [0.21115349233150482, 0.008229074068367481], "Kr2+": [1.0238261222839355, -0.8071538805961609], "Rb+": [-0.5129200220108032, 0.14026212692260742],