{"W": 2.7603814963781725, "Mo": 2.743237657484856, "Rb": 4.887982478922362, "Ba": 4.3563675886568625, "Fe": 2.4595700289085083, "Li": 2.9677114421457826, "Na": 3.6135966523898317, "Cr": 2.8740248890950824, "Ta": 2.8771858066881952, "Cs": 5.291449858139071, "Nb": 2.8756546737743043, "V": 2.591619125942699, "K": 4.557129020411974, "Ca": 3.8942986735033562, "Sr": 4.258571802899418, "Ce": 3.3378523057571017, "Yb": 3.8532016273807943, "Ac": 4.003819614414216, "Th": 3.5646794332396845, "Rh": 2.7180463419894076, "Ir": 2.7405535508345755, "Ni": 2.478973539270236, "Pd": 2.798068202202727, "Pt": 2.812001034219227, "Cu": 2.56061891665316, "Ag": 2.941951704252128, "Au": 2.9495460310820714, "Al": 2.855954791737782, "Pb": 3.5712668400132186, "Pr": 3.742988264951548, "Nd": 3.707079606944663, "La": 3.7711910694136144, "Sm": 3.6501539205634876, "Pm": 3.6752214660542566, "Ru": 2.732930167346762, "Y": 3.658987514902449, "Lu": 3.524837781566976, "Be": 2.2598253728828253, "Os": 2.7585151922184514, "Zn": 2.626730944935358, "Cd": 3.007845959581375, "Tb": 3.6403839796220674, "Er": 3.587304523860917, "Re": 2.781050043998669, "Dy": 3.6267033106380513, "Mg": 3.2030274656338804, "Tl": 3.5489245714899322, "Sc": 3.318655651492634, "Ti": 2.933813606843148, "Hf": 3.198485887720782, "Ho": 3.6087534457362143, "Tc": 2.760716702663459, "Tm": 3.562645185337715, "Co": 2.500783590042929, "Zr": 3.2392318261441244, "Eu": 4.0175212930197395, "Gd": 3.6139334356975916, "Hg": 3.579844133727054}
