{"D": [0.742743968963623, -0.3389260768890381], "H": [0.8279823064804077, -0.2901221215724945], "T": [0.18001744151115417, -0.6941245198249817], "He": [0.775825023651123, -0.07740145921707153], "Li": [0.4352869987487793, 0.18355706334114075], "Be": [1.5435445308685303, 0.663875162601471], "B": [0.6481574177742004, 0.012891516089439392], "C": [1.5049755573272705, -0.8031849265098572], "N": [0.6323528289794922, -1.0855655670166016], "O": [0.014822914265096188, 0.6998212337493896], "F": [-0.24995529651641846, 1.0434669256210327], "Ne": [0.49026742577552795, 0.7109435796737671], "Na": [0.09646245837211609, -0.024126974865794182], "Mg": [0.5642796158790588, 0.18344105780124664], "Al": [0.2716464698314667, 0.08375878632068634], "Si": [0.12931454181671143, -0.06517304480075836], "P": [-0.10869912803173065, -0.29172006249427795], "S": [-0.46491771936416626, -0.5231377482414246], "Cl": [-0.5619630217552185, -0.49558165669441223], "Ar": [0.17366923391819, -0.06221317499876022], "K": [-0.07456634938716888, -0.06696352362632751], "Ca": [-0.15781858563423157, 0.15088504552841187], "Sc": [0.2703585922718048, 0.5822454690933228], "Ti": [0.6744982004165649, 0.6254186630249023], "V": [1.0992984771728516, 0.44768282771110535], "Cr": [1.6161425113677979, 0.15477368235588074], "Mn": [1.3185622692108154, 0.08243658393621445], "Fe": [1.2350531816482544, -0.15482576191425323], "Co": [1.2165836095809937, -0.38946861028671265], "Ni": [0.9385257363319397, -0.42193540930747986], "Cu": [0.9297038316726685, -0.06451831012964249], "Zn": [0.6373307108879089, 0.018780451267957687], "Ga": [0.336313933134079, -0.0484139658510685], "Ge": [0.22571644186973572, -0.15367360413074493], "As": [0.013604752719402313, -0.3230094909667969], "Se": [-0.11305416375398636, -0.4248576760292053], "Br": [-0.13801665604114532, -0.374428927898407], "Kr": [-0.30742892622947693, 0.005252694711089134], "Rb": [0.03130662441253662, 0.03180774673819542], "Sr": [-0.2799207270145416, 0.13892656564712524], "Y": [0.004138722084462643, 0.6014926433563232], "Zr": [0.41579103469848633, 0.7157177925109863], "Nb": [0.8006701469421387, 0.5030978918075562], "Mo": [0.9980130195617676, 0.19636590778827667], "Tc": [0.6774191856384277, -0.17111609876155853], "Ru": [0.8661673665046692, -0.5375875234603882], "Rh": [0.589510977268219, -0.6537114977836609], "Pd": [0.43872877955436707, -0.5078170299530029], "Ag": [0.7037370800971985, -0.12907154858112335], "Cd": [0.5857406258583069, -0.07272360473871231], "In": [0.41406750679016113, -0.09894011169672012], "Sn": [0.22348067164421082, -0.2011900395154953], "Sb": [0.13371145725250244, -0.3002856969833374], "Te": [0.048759620636701584, -0.378396600484848], "I": [0.03318128362298012, -0.3332730233669281], "Xe": [0.09067261964082718, -0.3730342984199524], "Cs": [-0.037138037383556366, 0.006230562925338745], "Ba": [-0.3588908910751343, 0.08391787856817245], "La": [-0.1848384141921997, 0.5249010324478149], "Ce": [0.0778426080942154, 0.5497986078262329], "Pr": [-0.12145265191793442, 0.44324034452438354], "Nd": [-0.1009913831949234, 0.46644502878189087], "Pm": [0.979089617729187, -0.8441243171691895], "Sm": [-0.06219029426574707, 0.5257074236869812], "Eu": [-0.17877569794654846, 0.19795000553131104], "Gd": [-0.03598395362496376, 0.528815507888794], "Tb": [0.028563065454363823, 0.6183962225914001], "Dy": [0.051285404711961746, 0.6188367605209351], "Ho": [0.07426765561103821, 0.6315923929214478], "Er": [0.0893712043762207, 0.6377911567687988], "Tm": [0.1353711187839508, 0.6546010375022888], "Yb": [-0.2249767780303955, 0.23038755357265472], "Lu": [0.16582518815994263, 0.6540259718894958], "Hf": [0.5446155667304993, 0.7687255144119263], "Ta": [0.69672691822052, 0.43905529379844666], "W": [0.9970450401306152, 0.08277259767055511], "Re": [0.7538551092147827, -0.18081745505332947], "Os": [0.7517142295837402, -0.32883843779563904], "Ir": [0.5662773251533508, -0.5507621169090271], "Pt": [0.2327575385570526, -0.5771822333335876], "Au": [0.33110493421554565, -0.3157758116722107], "Hg": [0.5815636515617371, -0.25748807191848755], "Tl": [0.5982283353805542, -0.16163279116153717], "Pb": [0.46410030126571655, -0.21436025202274323], "Bi": [0.31991878151893616, -0.33989036083221436], "Ac": [-0.22973856329917908, 0.5688643455505371], "Th": [0.11996300518512726, 0.8408809900283813], "Pa": [0.40616196393966675, 0.9438912272453308], "U": [0.6968509554862976, 0.6937776207923889], "Np": [1.1176916360855103, 0.9906898736953735], "Pu": [1.0080761909484863, 0.5725756883621216]}
