{"D": [0.46978622674942017, 0.3811272382736206, 0.18672975897789001], "H": [0.4862208068370819, 0.4436207711696625, 0.07804327458143234], "T": [0.8326177597045898, 0.42991921305656433, 0.29279017448425293], "He": [0.3819959759712219, 0.9082609415054321, 0.2285759001970291], "Li": [0.103720523416996, -0.06786121428012848, -0.0030352629255503416], "Be": [0.6816419363021851, 0.3657456338405609, -0.4449245035648346], "B": [0.6732606291770935, 0.016336612403392792, 0.10439278930425644], "C": [1.2836885452270508, 0.41622617840766907, 0.3736182153224945], "N": [0.6248313188552856, 0.7338101267814636, 1.0081536769866943], "O": [-0.26346874237060547, -0.021677067503333092, -0.01620997115969658], "F": [-0.13851849734783173, -0.33384624123573303, -0.021828074008226395], "Ne": [0.23065154254436493, 0.4747748374938965, 0.1029011532664299], "Na": [0.11306852102279663, -0.0333840474486351, -0.022030599415302277], "Mg": [0.20303326845169067, 0.19876283407211304, -0.14056353271007538], "Al": [0.21182781457901, -0.003732491284608841, 0.0357159748673439], "Si": [0.1050153598189354, -0.14480598270893097, 0.2323611080646515], "P": [-0.1189149022102356, -0.0832001194357872, 0.4055233299732208], "S": [-0.4227776825428009, 0.0878516435623169, 0.3184118866920471], "Cl": [-0.6380565166473389, 0.2526513338088989, 0.2209232747554779], "Ar": [0.14738862216472626, 0.4523252546787262, 0.34420251846313477], "K": [0.017250042408704758, -0.06811504065990448, 0.020484428852796555], "Ca": [-0.04358712211251259, -0.1908329427242279, -0.1875714361667633], "Sc": [0.19275067746639252, -0.321440190076828, -0.5839226841926575], "Ti": [0.5027028322219849, -0.3586250841617584, -0.4193769097328186], "V": [0.65309077501297, -0.15300029516220093, -0.18511192500591278], "Cr": [0.8389852643013, 0.25770440697669983, -0.10266928374767303], "Mn": [0.7431169152259827, 0.1027987152338028, -0.01024105679243803], "Fe": [0.735095202922821, 0.20319479703903198, 0.17815200984477997], "Co": [0.663532555103302, 0.3188963532447815, 0.35540392994880676], "Ni": [0.46729686856269836, 0.6080454587936401, 0.2828340232372284], "Cu": [0.5157196521759033, 0.693766713142395, -0.041777703911066055], "Zn": [0.28983646631240845, 0.5160766243934631, -0.0726509839296341], "Ga": [0.09569929540157318, 0.3579447865486145, 0.05388322100043297], "Ge": [0.10084158927202225, 0.01669986918568611, 0.3334316909313202], "As": [-0.07585256546735764, -0.02356451191008091, 0.5429381132125854], "Se": [-0.33121180534362793, 0.18017755448818207, 0.4937843382358551], "Br": [-0.49945300817489624, 0.4046456813812256, 0.42542868852615356], "Kr": [-0.34999045729637146, 0.8360241055488586, 0.6003619432449341], "Rb": [0.06256869435310364, -0.26559004187583923, 0.15163151919841766], "Sr": [-0.10591217130422592, -0.5094934105873108, -0.030137676745653152], "Y": [0.0058240401558578014, -0.33854711055755615, -0.6235253214836121], "Zr": [0.367019385099411, -0.870536744594574, -0.46857550740242004], "Nb": [0.6631715893745422, -0.5404922366142273, -0.22211572527885437], "Mo": [0.633919894695282, -0.3014521300792694, 0.24032264947891235], "Tc": [0.5232670307159424, -0.3665560781955719, 0.5225628614425659], "Ru": [0.46547025442123413, 0.39078232645988464, 0.6230484843254089], "Rh": [0.22163787484169006, 0.6368975639343262, 0.6109997034072876], "Pd": [0.10124043375253677, 0.6591675877571106, 0.4135192632675171], "Ag": [0.325271874666214, 0.6180810332298279, 0.05364707484841347], "Cd": [0.21838617324829102, 0.32899096608161926, 0.0682956874370575], "In": [0.0913507491350174, 0.3371826708316803, 0.07736055552959442], "Sn": [-0.010956625454127789, 0.07038506865501404, 0.27155646681785583], "Sb": [-0.057351287454366684, 0.049890901893377304, 0.45862406492233276], "Te": [-0.22350941598415375, 0.34379681944847107, 0.46306779980659485], "I": [-0.3345119059085846, 0.5824047327041626, 0.4481903314590454], "Xe": [0.11096975207328796, 0.4127514362335205, 0.08934591710567474], "Cs": [-0.008817773312330246, -0.05232531204819679, 0.05418919399380684], "Ba": [-0.10484271496534348, -0.329375684261322, -0.22960156202316284], "La": [-0.13382917642593384, -0.651543378829956, -0.43073245882987976], "Ce": [0.0779218003153801, -0.8655593395233154, -0.3520701229572296], "Pr": [-0.057165831327438354, -0.5598947405815125, -0.3932553231716156], "Nd": [-0.05582533776760101, -0.5439376831054688, -0.43480628728866577], "Pm": [0.22056299448013306, 0.2235642373561859, 0.2590888738632202], "Sm": [-0.032799746841192245, -0.4716580808162689, -0.5117385387420654], "Eu": [-0.10514324903488159, -0.2985442280769348, -0.17753447592258453], "Gd": [-0.0545014850795269, -0.1944364756345749, -0.5483392477035522], "Tb": [0.01198017317801714, -0.4042738974094391, -0.6233317255973816], "Dy": [0.03187543526291847, -0.3794228732585907, -0.6461102366447449], "Ho": [0.048515643924474716, -0.34660017490386963, -0.6672426462173462], "Er": [0.06743967533111572, -0.3292865455150604, -0.6869508624076843], "Tm": [0.09767156839370728, -0.3476269841194153, -0.7121394872665405], "Yb": [-0.08043637126684189, -0.006864749826490879, -0.3616018295288086], "Lu": [0.12226435542106628, -0.2723620533943176, -0.7123347520828247], "Hf": [0.40584704279899597, -0.5016599297523499, -0.6255708336830139], "Ta": [0.5341781973838806, -0.37736210227012634, -0.18677930533885956], "W": [0.5525100231170654, 0.013135991990566254, 0.13937777280807495], "Re": [0.5002102851867676, -0.02627846784889698, 0.3891381025314331], "Os": [0.4674347937107086, 0.42601877450942993, 0.4025890827178955], "Ir": [0.2938474118709564, 0.10110588371753693, 0.8623235821723938], "Pt": [-0.012703077867627144, 0.46922767162323, 0.657230794429779], "Au": [0.0888620913028717, 0.37826240062713623, 0.3578574061393738], "Hg": [0.2535189688205719, 0.3746698796749115, 0.28435656428337097], "Tl": [0.24508021771907806, 0.3129687011241913, 0.1689966320991516], "Pb": [0.16226889193058014, 0.1504581868648529, 0.2930178940296173], "Bi": [0.02450963854789734, 0.2602567672729492, 0.34650948643684387], "Ac": [-0.1389560103416443, -0.030192427337169647, -0.5799546241760254], "Th": [0.08989313989877701, -0.9625492095947266, -0.7759793400764465], "Pa": [0.3036870062351227, -0.4255402386188507, -1.0662096738815308], "U": [0.5255022644996643, -0.3182353675365448, -0.7445697784423828], "Np": [0.6227046251296997, 0.02020050771534443, -0.7439095377922058], "Pu": [0.3451455533504486, -0.25710955262184143, -0.08749118447303772]}
